{
  "images" : [
    {
      "resizing" : {
        "mode" : "3-part-vertical",
        "center" : {
          "mode" : "stretch",
          "height" : 1
        },
        "capInsets" : {
          "top" : 0,
          "bottom" : 0
        }
      },
      "idiom" : "universal",
      "filename" : "bouton_menu_devis_home.png",
      "scale" : "1x"
    },
    {
      "resizing" : {
        "mode" : "3-part-vertical",
        "center" : {
          "mode" : "stretch",
          "height" : 1
        },
        "capInsets" : {
          "top" : 0,
          "bottom" : 0
        }
      },
      "idiom" : "universal",
      "filename" : "bouton_menu_devis_home@2x.png",
      "scale" : "2x"
    },
    {
      "idiom" : "universal",
      "scale" : "3x"
    }
  ],
  "info" : {
    "version" : 1,
    "author" : "xcode"
  }
}